id_produit,titre,id_image,url,path,alt,created_at
83,Produit Informatique 1,,,,,
84,Produit Informatique 2,,,,,
85,Produit Informatique 3,,,,,
86,Produit Informatique 4,,,,,
87,Produit Informatique 5,,,,,
88,Produit Informatique 6,,,,,
89,Produit Informatique 7,,,,,
90,Produit Informatique 8,,,,,
91,Produit Informatique 9,,,,,
92,Produit Informatique 10,,,,,
93,"Solutions de gestion d'entreprise ERP, CRM, BI et workflows adaptés à votre activité Produit 1",,,,,
94,"Solutions de gestion d'entreprise ERP, CRM, BI et workflows adaptés à votre activité Produit 2",,,,,
95,"Solutions de gestion d'entreprise ERP, CRM, BI et workflows adaptés à votre activité Produit 3",,,,,
96,"Solutions de gestion d'entreprise ERP, CRM, BI et workflows adaptés à votre activité Produit 4",,,,,
97,"Solutions de gestion d'entreprise ERP, CRM, BI et workflows adaptés à votre activité Produit 5",,,,,
98,Fourniture de drone et formation en pilotage de drones Produit 1,,,,,
99,Fourniture de drone et formation en pilotage de drones Produit 2,,,,,
100,Fourniture de drone et formation en pilotage de drones Produit 3,,,,,
101,Fourniture de drone et formation en pilotage de drones Produit 4,,,,,
102,Fourniture de drone et formation en pilotage de drones Produit 5,,,,,
103,Ingénierie Produit 1,,,,,
104,Ingénierie Produit 2,,,,,
105,Ingénierie Produit 3,,,,,
106,Ingénierie Produit 4,,,,,
107,Ingénierie Produit 5,,,,,
108,Solutions de gestion d'entreprise Produit 1,,,,,
109,Solutions de gestion d'entreprise Produit 2,,,,,
110,Solutions de gestion d'entreprise Produit 3,,,,,
111,Solutions de gestion d'entreprise Produit 4,,,,,
112,Solutions de gestion d'entreprise Produit 5,,,,,
113,Fourniture de drone & formation Produit 1,,,,,
114,Fourniture de drone & formation Produit 2,,,,,
115,Fourniture de drone & formation Produit 3,,,,,
116,Fourniture de drone & formation Produit 4,,,,,
117,Fourniture de drone & formation Produit 5,,,,,
118,Fourniture de TPE Produit 1,,,,,
119,Fourniture de TPE Produit 2,,,,,
120,Fourniture de TPE Produit 3,,,,,
121,Fourniture de TPE Produit 4,,,,,
122,Fourniture de TPE Produit 5,,,,,
123,Inspection Produit 1,,,,,
124,Inspection Produit 2,,,,,
125,Inspection Produit 3,,,,,
126,Inspection Produit 4,,,,,
127,Inspection Produit 5,,,,,
128,Géovision Produit 1,,,,,
129,Géovision Produit 2,,,,,
130,Géovision Produit 3,,,,,
131,Géovision Produit 4,,,,,
132,Géovision Produit 5,,,,,
133,Topographie Produit 1,,,,,
134,Topographie Produit 2,,,,,
135,Topographie Produit 3,,,,,
136,Topographie Produit 4,,,,,
137,Topographie Produit 5,,,,,
138,Cartographie Produit 1,,,,,
139,Cartographie Produit 2,,,,,
140,Cartographie Produit 3,,,,,
141,Cartographie Produit 4,,,,,
142,Cartographie Produit 5,,,,,
143,Télédétection Produit 1,,,,,
144,Télédétection Produit 2,,,,,
145,Télédétection Produit 3,,,,,
146,Télédétection Produit 4,,,,,
147,Télédétection Produit 5,,,,,
148,Systèmes embarqués Produit 1,,,,,
149,Systèmes embarqués Produit 2,,,,,
150,Systèmes embarqués Produit 3,,,,,
151,Systèmes embarqués Produit 4,,,,,
152,Systèmes embarqués Produit 5,,,,,
153,Automatisation Produit 1,,,,,
154,Automatisation Produit 2,,,,,
155,Automatisation Produit 3,,,,,
156,Automatisation Produit 4,,,,,
157,Automatisation Produit 5,,,,,
158,Instrumentation Produit 1,,,,,
159,Instrumentation Produit 2,,,,,
160,Instrumentation Produit 3,,,,,
161,Instrumentation Produit 4,,,,,
162,Instrumentation Produit 5,,,,,
163,Maintenance industrielle Produit 1,,,,,
164,Maintenance industrielle Produit 2,,,,,
165,Maintenance industrielle Produit 3,,,,,
166,Maintenance industrielle Produit 4,,,,,
167,Maintenance industrielle Produit 5,,,,,
168,Études & conseils Produit 1,,,,,
169,Études & conseils Produit 2,,,,,
170,Études & conseils Produit 3,,,,,
171,Études & conseils Produit 4,,,,,
172,Études & conseils Produit 5,,,,,
173,Systèmes de contrôle Produit 1,,,,,
174,Systèmes de contrôle Produit 2,,,,,
175,Systèmes de contrôle Produit 3,,,,,
176,Systèmes de contrôle Produit 4,,,,,
177,Systèmes de contrôle Produit 5,,,,,
178,Capteurs & IoT Produit 1,,,,,
179,Capteurs & IoT Produit 2,,,,,
180,Capteurs & IoT Produit 3,,,,,
181,Capteurs & IoT Produit 4,,,,,
182,Capteurs & IoT Produit 5,,,,,
